date,sentiment
1817-10-01,-0.0015151515151515097
1817-10-02,0.06737373737373736
1817-10-03,0.024019607843137256
1817-10-04,-0.03148148148148147
1817-10-05,0.0
1817-10-06,-0.009509803921568624
1817-10-07,0.09047619047619047
1817-10-10,0.28392045454545456
1817-10-11,0.08333333333333334
1817-10-12,0.06740196078431372
1817-10-13,0.10666666666666666
1817-10-15,0.13749999999999998
1817-10-16,-0.04791666666666666
1817-10-17,0.1696338383838384
1817-10-19,-0.08333333333333333
1817-10-20,0.11904761904761904
1817-10-21,-0.06999999999999999
1817-10-23,0.018333333333333333
1817-10-24,0.06739130434782609
1817-10-25,-0.03518518518518518
1817-10-27,-0.024999999999999994
1817-10-28,0.048484848484848485
1817-10-29,0.1015
1817-10-30,0.06593455564043799
1817-10-31,0.05717592592592592
1817-10,-0.023809523809523805
1817-12-01,0.13011363636363638
1817-12-02,-0.01942355889724311
1817-12-03,-0.075
1817-12-04,-0.024885010822510822
1817-12-05,0.014434523809523814
1817-12-06,0.12825304540420815
1817-12-08,0.16196969696969696
1817-12-09,0.03292748917748919
1817-12-10,-0.019561688311688315
1817-12-11,-0.06666666666666667
1817-12-12,-0.01753968253968253
1817-12-14,0.21071428571428572
1817-12-16,-0.012755102040816323
1817-12-18,-0.005208333333333331
1817-12-19,0.1775
1817-12-20,-0.1388888888888889
1817-12-21,-0.08333333333333333
1817-12-22,-0.06833333333333333
1817-12-23,-0.17777777777777773
1817-12-24,0.062025813692480364
1817-12-25,-0.10500000000000001
1817-12-26,0.040128205128205134
1817-12-27,-0.04197860962566844
1817-12-28,-0.12
1817-12-29,0.05499999999999999
1817-12-30,-0.14555555555555552
1817-12-31,0.14293650793650794
1817-12,0.08205882352941177
1817-09-01,0.0
1817-09-02,0.12142857142857144
1817-09-04,0.08974358974358977
1817-09-05,0.1416971916971917
1817-09-06,0.10930735930735934
1817-09-08,0.010416666666666675
1817-09-09,0.08928571428571429
1817-09-11,0.11851370851370853
1817-09-12,0.03475082388875493
1817-09-13,0.08363945578231294
1817-09-15,-0.06926997245179062
1817-09-16,0.159375
1817-09-18,0.13085858585858587
1817-09-19,0.16976190476190478
1817-09-20,0.07048771121351768
1817-09-23,0.15
1817-09-25,-0.036309523809523805
1817-09-27,0.022222222222222233
1817-09-28,0.225
1817-09-29,0.009090909090909092
1817-09-30,0.10666666666666669
1817-09,0.0
1817-11-01,0.07446969696969698
1817-11-02,0.0033057851239669434
1817-11-03,-0.35714285714285715
1817-11-04,0.03490990990990992
1817-11-05,-0.02666666666666666
1817-11-06,-0.02666666666666666
1817-11-07,0.04513068181818182
1817-11-08,0.0968390804597701
1817-11-09,0.10741505968778697
1817-11-10,-0.00611111111111111
1817-11-11,0.062121212121212126
1817-11-12,-0.0537962037962038
1817-11-14,0.0027777777777777835
1817-11-15,0.05
1817-11-16,0.025
1817-11-19,-0.08499999999999999
1817-11-20,-0.011249999999999993
1817-11-21,-0.03680555555555555
1817-11-22,0.11720430107526883
1817-11-24,0.02530487804878049
1817-11-25,0.04615384615384614
1817-11-26,-0.03444602272727272
1817-11-28,0.03035714285714286
1817-11-29,0.16233766233766236
1817-11-30,0.17272727272727273
1817-11,-0.125
1825-01-10,-0.047402597402597405
1825-01-11,-0.04107142857142855
1825-01-12,0.05525210084033613
1825-01-13,0.05059808612440192
1825-06-17,0.05000000000000002
1825-06-18,0.4
1825-06-20,0.3375
1825-06-21,0.6
1825-06-22,-0.16666666666666666
1825-06-26,-0.04374999999999999
1825-06-27,0.1875
1825-06-28,-0.03472222222222222
1825-06-29,0.0
1825-06-30,0.06534090909090909
1825-06,-0.015914786967418548
1825-03-02,0.04719387755102041
1825-03-03,0.06466942148760332
1825-03-04,-0.014080459770114939
1825-03-05,0.13082922824302132
1825-03-07,0.1244047619047619
1825-03-08,0.04243506493506493
1825-03-09,0.0841517857142857
1825-03-10,0.012272727272727274
1825-08-01,0.03333333333333334
1825-08-05,0.08804112554112555
1825-08-08,0.08571428571428572
1825-08-12,0.02309027777777778
1825-08-14,0.24062499999999998
1825-08-22,0.06304945054945056
1825-08-23,-0.028750000000000005
1825-08-24,0.03125
1825-08-26,0.07993827160493827
1825-08-27,0.15149891774891777
1825-08-28,0.026041666666666657
1825-08-29,-0.0011772486772486722
1825-08-30,-0.00022321428571428492
1825-08,-0.13333333333333333
1825-07-06,0.1037202380952381
1825-07-08,0.034375
1825-07-09,0.004335016835016827
1825-07-11,0.1325
1825-07-20,-0.007070707070707073
1825-07-21,0.08671328671328672
1825-07-22,-0.02428974005060961
1825-07-26,0.16977272727272727
1825-07-28,0.09415898617511521
1825-07-30,-0.011268939393939418
1825-02-01,0.04889329805996473
1825-02-02,0.11649305555555554
1825-02-03,0.12833333333333333
1825-02-04,0.22752976190476187
1825-02-05,0.02732233044733046
1825-02-06,0.24471153846153848
1825-02-07,0.11368906455862979
1825-02-08,0.034090909090909095
1825-02-09,0.0955654761904762
1825-02-10,0.0020833333333333376
1825-02-11,0.14000553709856037
1825-02-12,0.08225454545454547
1825-02-23,-0.125
1825-02-24,-0.4266666666666666
1825-02-25,0.057272727272727274
1825-02-26,-0.23238636363636364
1825-05-05,0.01697957839262187
1825-05-06,0.07789308905380334
1825-05-07,0.09555555555555556
1825-05-10,0.09008912655971481
1825-05-14,-0.06679841897233203
1825-05-15,-0.003296703296703287
1825-05-16,0.02023935366958623
1825-05-17,-0.02821846713892168
1825-05-18,0.07871621621621622
1825-05-19,0.11135475051264523
1825-05-20,0.10538911845730027
1825-05-21,-0.12916666666666668
1825-05-22,-0.004196042053184915
1825-05-23,0.06326530612244897
1825-05-24,0.07041666666666666
1825-05-25,-0.019112903225806447
1825-05-26,0.03897392290249433
1825-05-27,0.13922924901185768
1825-05-30,0.0637619988706945
1825-05-31,-0.017883539225002645
1825-09-02,-0.25
1825-09-03,-0.06666666666666667
1825-09-05,0.0
1825-09-06,0.6
1825-09-07,-0.1
1825-09-08,0.0
1825-09-09,0.016666666666666673
1825-09-10,0.3666666666666667
1825-09-12,0.0
1825-09-13,-0.2
1825-09-14,0.0
1825-09-15,-0.07500000000000001
1825-09-16,0.0
1825-09-20,0.05151515151515149
1825-09-21,-0.09756944444444444
1825-09-22,-0.2375
1825-09-24,0.09375
1825-10-25,0.14659722222222224
1825-10-26,0.13301339285714286
1825-10-27,0.05119047619047618
1825-10-28,0.14285714285714285
1825-01-01,0.11873563218390805
1825-01-02,0.018989585293933114
1825-01-03,0.04086452762923352
1825-01-04,0.04333333333333333
1825-01-06,0.22
1825-01-07,0.10192307692307694
1825-01-08,0.02727272727272728
1825-01-09,0.11145833333333333
1825-10-07,0.0
1825-10-21,0.0
1825-03-14,0.0
1825-03-18,0.0
1825-03-19,0.0
1825-03-20,0.0
1825-03-21,0.0
1825-03-22,0.0
1825-03-23,0.03125
1825-03-26,0.0
1825-03-28,0.0
1825-03-29,0.0
1825-03-31,0.0
1825-03,-0.0625
1825-11-08,0.0
1825-01-15,0.09594155844155842
1825-01-17,0.0804338023088023
1825-01-18,0.018139730639730636
1825-01-19,0.03276942355889725
1825-01-20,0.13575757575757574
1825-01-21,0.09841125541125546
1825-01-22,0.16566758858425523
1825-01-23,0.013368055555555553
1825-01-24,0.05716666666666668
1825-01-25,0.14869540229885056
1825-01-26,0.13576370851370848
1825-01-27,0.02162162162162162
1825-01-29,0.050531746031746025
1825-01-30,0.03502066115702478
1825-01-31,0.04175170068027211
1825-06-01,0.08425925925925926
1825-06-02,0.068001443001443
1825-06-03,0.15833333333333335
1825-06-04,0.18625
1825-06-08,0.19042207792207788
1825-06-09,0.1161038961038961
1825-06-10,0.1488467261904762
1825-06-12,0.09
1825-06-13,0.045739316239316236
1825-11-11,-0.002083333333333326
1825-11-12,0.15185185185185185
1825-11-13,-0.027777777777777776
1825-11-14,0.009722222222222233
1825-11-15,-0.15464285714285714
1825-11-16,0.02680555555555555
1825-11-17,-0.0022408963585434094
1825-11-18,-0.09642857142857142
1825-11-19,0.08795454545454545
1825-11-20,0.09363636363636363
1825-11-21,0.08095238095238094
1825-11-22,0.1064749053030303
1825-11-23,0.15700983044733044
1825-11-24,0.12023310023310023
1825-11-25,0.051003086419753076
1825-11-26,0.13653866709422266
1825-11-27,0.09642045454545455
1825-11-28,0.15661375661375665
1825-11-29,0.09769119769119768
1825-11-30,0.018181818181818188
1825-11,-0.13208333333333333
1825-04-01,0.203125
1825-04-04,0.0
1825-04-05,0.0
1825-04-07,0.0
1825-04-08,0.0
1825-04-09,0.0
1825-04-11,0.0
1825-04-12,0.0
1825-04-13,0.0
1825-04-14,-0.10357142857142856
1825-04-15,-0.04329004329004329
1825-04-18,0.001988636363636364
1825-04-19,-0.15625
1825-04-21,0.12727272727272726
1825-04-23,0.05121951219512194
1825-04-26,0.23645021645021638
1825-04-27,-0.010256410256410246
1825-04-28,0.00811688311688312
1825-04,0.018888888888888893
1822-05-01,0.0398076923076923
1822-05-02,0.09867254174397029
1822-05-03,0.0547482993197279
1822-05-04,0.0926046176046176
1822-05-06,0.07973856209150329
1822-05-07,0.08954773576097107
1822-05-08,0.0908811618489038
1822-05-09,0.11416666666666668
1822-05-11,0.1904761904761905
1822-05-12,-0.006944444444444444
1822-05-13,0.07071428571428573
1822-05-16,0.07315197428833793
1822-05-18,0.03515151515151515
1822-05-20,0.10482683982683985
1822-05-21,0.0707918747918748
1822-05-23,0.1661904761904762
1822-05-24,0.10881693648816937
1822-05-25,0.10869324473975639
1822-05-26,0.10569921150278294
1822-05-27,0.0633465876229034
1822-05-28,-0.010416666666666663
1822-05-29,-0.09930555555555555
1822-05-30,0.03277310924369749
1822-05-31,0.0059523809523809494
1822-12-02,0.0
1822-12-06,0.02500000000000001
1822-12-13,-0.18999999999999997
1822-12-21,0.0
1822-12-23,0.0
1822-12-26,0.8
1822-12-27,-0.05
1822-11-01,-0.002331349206349212
1822-11-02,0.17031893004115228
1822-11-03,0.05331699346405231
1822-11-06,-0.09500000000000001
1822-11-07,0.0724616107163277
1822-11-08,0.027507908757908754
1822-11-09,0.22763157894736843
1822-11-11,0.0596084570191713
1822-11-12,0.13148772204806689
1822-11-13,0.09843401547947002
1822-11-14,0.007629870129870129
1822-11-15,-0.017073170731707315
1822-11-16,0.17323633156966492
1822-11-18,0.0509710743801653
1822-11-19,0.07352941176470588
1822-11-20,-0.0022121212121212143
1822-11-21,0.07426759287224403
1822-11-23,-0.0029885057471264426
1822-11-25,0.09055803571428574
1822-11-26,0.1207034632034632
1822-11-27,0.05301661091433819
1822-11-28,0.036323809523809536
1822-11-30,0.14109604519774013
1822-01-10,0.0
1822-01-11,0.0
1822-01-12,0.0
1822-01-14,0.0
1822-01-15,0.0
1822-01-16,0.19999999999999998
1822-01-17,-0.07259259259259258
1822-01-18,0.125
1822-01-21,0.0
1822-01-22,0.06666666666666667
1822-01-23,0.005681818181818177
1822-01-24,0.13333333333333333
1822-01-25,-0.5
1822-01-26,-0.13333333333333333
1822-01-31,0.018181818181818174
1822-02-02,-0.121875
1822-02-03,-0.039999999999999994
1822-02-04,0.03409090909090909
1822-02-05,-0.10416666666666667
1822-02-08,0.30500000000000005
1822-02-09,0.0
1822-02-10,-0.18181818181818182
1822-02-12,0.2
1822-02-15,0.0044421487603305805
1822-02-16,-0.018229166666666668
1822-02-18,-0.1416666666666667
1822-02-19,0.0
1822-02-21,0.0
1822-02-23,0.03958333333333334
1822-02-26,-0.02857142857142858
1822-03-02,0.025000000000000005
1822-03-03,-0.7150000000000001
1822-03-04,0.018941970727685005
1822-03-06,-0.16262626262626262
1822-03-07,0.25284090909090906
1822-03-08,0.12847222222222224
1822-03-09,0.025
1822-03-11,0.11614583333333336
1822-03-12,0.02500000000000001
1822-03-13,0.375
1822-03-14,-0.0642857142857143
1822-03-15,0.009280303030303028
1822-03-16,0.1597727272727273
1822-03-17,0.041666666666666664
1822-03-18,-0.0050378787878787796
1822-03-20,0.03125
1822-03-21,0.11904761904761904
1822-03-26,0.09547619047619046
1822-03-27,-0.3
1822-03-28,0.0
1822-03-29,-0.02083333333333333
1822-03-30,0.23246753246753246
1822-01-01,-0.004432624113475176
1822-01-02,0.07076541998053625
1822-01-03,0.13035714285714287
1822-01-06,0.06712361712361711
1822-01-07,0.04702380952380952
1822-06-01,0.11041666666666666
1822-06-02,0.08570942945942947
1822-06-03,0.10141836734693871
1822-06-04,0.037500000000000006
1822-06-06,0.08947368421052632
1822-06-07,0.08897493272493272
1822-06-09,0.0677295918367347
1822-06-10,0.09765589895336732
1822-06-11,0.2635714285714285
1822-06-12,0.11717171717171716
1822-06-13,0.16428571428571428
1822-06-15,0.10377563904349622
1822-06-16,0.07114229856165338
1822-06-17,0.0354978354978355
1822-06-18,0.06275391275391275
1822-06-19,0.09433760683760681
1822-06-20,0.0951991341991342
1822-06-21,0.09234848484848486
1822-06-22,0.10891812865497075
1822-06-23,0.010576923076923048
1822-06-24,0.024721706864564003
1822-06-25,0.19467054263565892
1822-06-26,0.06699465500485911
1822-06-28,0.002302489177489177
1822-06-29,0.07362155147112773
1822-06-30,-0.05326286764705882
1822-07-01,0.0952690166975881
1822-07-02,0.06802083333333335
1822-07-03,0.03585858585858587
1822-07-04,0.003093434343434347
1822-07-05,0.06029741863075195
1822-07-06,0.07680250783699062
1822-07-07,-0.16805555555555557
1822-07-08,-0.0164390756302521
1822-07-09,0.17500000000000002
1822-07-11,0.08339977851605761
1822-07-12,0.027714285714285716
1822-07-13,0.1375
1822-07-14,0.04791666666666668
1822-07-15,0.02916666666666666
1822-07-16,0.09452651515151514
1822-07-17,0.02136752136752137
1822-07-18,0.07265624999999999
1822-07-19,-0.0375
1822-07-20,0.06353305785123967
1822-07-22,0.09871794871794873
1822-07-23,0.08333333333333333
1822-07-24,0.1785575858250277
1822-07-25,0.039718614718614716
1822-07-28,0.10732659932659934
1822-07-29,-0.017499999999999998
1822-07-30,0.18333333333333335
1822-07-31,0.1285714285714286
1822-07,0.12104575163398694
1822-09-02,0.019999999999999997
1822-09-03,0.13036666666666666
1822-09-04,-0.07602513227513229
1822-09-05,0.10904420141262246
1822-09-06,0.09061942959001786
1822-09-07,0.010642857142857143
1822-09-09,0.12904987373737375
1822-09-10,-0.028333333333333332
1822-09-11,0.13955555555555554
1822-09-12,0.10633838383838384
1822-09-13,-0.0035714285714285787
1822-09-14,0.013189964157706088
1822-09-15,-0.011306818181818177
1822-09-16,-0.001377410468319563
1822-09-17,-0.0125
1822-09-18,0.05454545454545456
1822-09-20,0.018809523809523804
1822-09-21,0.08529741863075196
1822-09-22,0.12035440613026822
1822-09-23,0.0035480859010270805
1822-09-24,0.0223349567099567
1822-09-25,0.08068181818181819
1822-09-26,0.004648526077097505
1822-09-27,0.08163029100529101
1822-09-28,-0.12405303030303032
1822-09-29,-0.09090909090909091
1822-09-30,0.10331959706959702
1822-09,0.15714285714285717
1822-04-02,-0.008957051720209611
1822-04-04,-0.028512396694214872
1822-04-06,0.15308441558441557
1822-04-07,0.08333333333333333
1822-04-08,0.06159554730983302
1822-04-10,0.07569444444444445
1822-04-11,0.2916666666666667
1822-04-12,0.005335846948750176
1822-04-13,-0.027777777777777773
1822-04-18,-0.03461538461538462
1822-04-19,-0.024032882011605416
1822-04-20,0.059583333333333335
1822-04-22,0.06987501061030474
1822-04-23,0.1614912280701754
1822-04-25,0.14441786283891547
1822-04-27,0.11256200396825396
1822-04-28,0.1310515873015873
1822-04-29,0.09034747990105131
1822-10-01,0.09803030303030298
1822-10-02,0.048550724637681154
1822-10-04,0.1444105894105894
1822-10-05,0.0742666021921341
1822-10-06,-0.04722222222222221
1822-10-07,0.077375
1822-10-08,0.18589743589743593
1822-10-09,0.037500000000000006
1822-10-10,0.09696969696969698
1822-10-11,0.10774410774410773
1822-10-13,0.05218900966183573
1822-10-17,0.03571428571428571
1822-10-18,-0.09999999999999999
1822-10-19,-0.04743589743589744
1822-10-20,0.022440476190476195
1822-10-21,0.054925595238095225
1822-10-22,0.08266369047619047
1822-10-24,0.07079274891774892
1822-10-25,0.11566666666666665
1822-10-26,0.04353493728493727
1822-10-28,0.09385560675883256
1822-10-29,-0.027023809523809523
1822-10-30,0.07121212121212123
1822-10-31,0.14038461538461539
1822-08-01,-0.005555555555555559
1822-08-02,-0.11904761904761903
1822-08-03,0.13474775224775223
1822-08-04,0.1088235294117647
1822-08-05,0.08454545454545456
1822-08-06,0.11792058516196448
1822-08-07,-0.05311447811447812
1822-08-08,0.11879310344827586
1822-08-10,0.1450657894736842
1822-08-11,-0.13549291617473438
1822-08-12,0.19999999999999998
1822-08-13,0.04970238095238095
1822-08-14,0.07219887955182074
1822-08-15,-0.013025210084033616
1822-08-16,0.007683982683982682
1822-08-17,0.031249999999999993
1822-08-18,0.07366319444444445
1822-08-19,-0.011760461760461758
1822-08-20,0.1852469135802469
1822-08-22,0.007196969696969697
1822-08-24,-0.007142857142857141
1822-08-26,0.061477987421383655
1822-08-27,-0.06308390022675736
1822-08-28,0.10550793650793651
1822-08-29,0.058771929824561406
1822-08-30,-0.07470279720279721
1823-11-06,-0.0625
1823-11-08,0.0
1823-11-07,0.1286017126148705
1823-11-08,0.11269246031746029
1823-11-10,-0.043518518518518505
1823-11-11,0.0035577651515151533
1823-11-12,-0.0015625000000000014
1823-11-14,0.029199134199134207
1823-11-15,0.1705133128520225
1823-11-16,0.07521008403361343
1823-11-17,0.10770095917154741
1823-11-18,0.1542824074074074
1823-11-19,0.10633329089211442
1823-11-20,0.056507936507936514
1823-11-21,0.11582974193465265
1823-11-22,0.0402777777777778
1823-11-24,0.10010437710437711
1823-11-25,0.1077345032840722
1823-11-26,0.1426256515919978
1823-11-27,0.16698345057720054
1823-11-28,0.04000803489439853
1823-11-29,0.024022279594568752
1823-11-30,0.1619791666666667
1823-05-01,0.028571428571428574
1823-05-02,-0.0053968253968254
1823-05-03,-0.15
1823-05-10,0.205
1823-05-11,-0.07857142857142857
1823-05-12,0.13579545454545455
1823-05-13,0.16
1823-05-18,-0.001147959183673487
1823-05-19,0.027380952380952377
1823-05-20,-0.26785714285714285
1823-05-22,0.02500000000000001
1823-04-02,-0.04285714285714286
1823-04-03,-0.25
1823-04-04,-0.004629629629629632
1823-04-06,0.09
1823-04-07,0.0
1823-04-14,0.18
1823-04-17,-0.075
1823-04-21,0.17261904761904764
1823-04-22,0.1712698412698413
1823-04-24,0.09444444444444446
1823-04-26,0.09166666666666667
1823-04-28,-0.0638888888888889
1823-04-29,-0.09999999999999999
1823-04-30,0.02
1823-10-21,-0.5
1823-10-22,0.0
1823-10-28,0.0
1823-10-30,0.0
1823-10-31,0.0
1823-01-25,0.08333333333333333
1823-01-26,-0.14583333333333334
1823-01-28,0.14285714285714285
1823-01-29,0.0
1823-01-30,0.11818181818181818
1823-09-01,0.07827380952380951
1823-09-04,0.10763888888888891
1823-09-05,0.1876984126984127
1823-09-09,0.07319444444444444
1823-09-12,-0.00634920634920635
1823-09-13,0.23666666666666666
1823-09-16,0.2662037037037037
1823-09-19,0.12824074074074074
1823-09-22,0.09444444444444444
1823-09-23,-0.06845238095238095
1823-09-29,-0.03518518518518519
1823-01-02,0.16614100185528757
1823-01-03,-0.5
1823-01-06,0.15013736263736266
1823-01-07,-0.02722943722943725
1823-01-08,0.013725490196078433
1823-01-09,0.08785650623885918
1823-01-10,0.08916901154401156
1823-01-11,0.0527186963979417
1823-01-12,0.15426910299003316
1823-12-01,0.09117965367965367
1823-12-03,-0.0026315789473684236
1823-12-04,-0.030263157894736863
1823-06-02,0.06785714285714287
1823-06-03,0.03295454545454546
1823-06-04,0.07222222222222223
1823-06-05,0.2667027417027417
1823-06-06,0.0453525641025641
1823-06-07,-0.1111111111111111
1823-06-08,0.11358333333333333
1823-06-11,0.03371212121212122
1823-06-16,0.15851332575470503
1823-06-17,0.00905172413793104
1823-06-18,-0.026190476190476184
1823-06-19,0.04185492801771872
1823-06-20,0.14713955026455022
1823-06-21,0.013174603174603172
1823-06-22,-0.010760073260073258
1823-06-23,0.12132967607105538
1823-06-24,0.13578431372549019
1823-06-25,0.10125661375661374
1823-06-27,-0.12
1823-06-28,0.061984126984126996
1823-06-30,0.20138888888888887
1823-02-01,-0.13978956228956227
1823-02-02,0.01428571428571429
1823-02-05,-0.08778409090909094
1823-02-07,0.0
1823-02-11,-0.18333333333333335
1823-02-13,-0.1875
1823-02-18,-0.04333333333333334
1823-02-22,-0.08333333333333333
1823-02-24,-0.0375
1823-02-27,-0.16666666666666666
1823-02-28,-0.056249999999999994
1823-12-06,0.016666666666666673
1823-12-10,-0.059659090909090905
1823-12-12,0.0
1823-12-16,0.028787878787878782
1823-12-17,-0.029999999999999992
1823-12-24,-0.011111111111111108
1823-12-29,0.0731060606060606
1823-01-24,0.0
1823-08-01,0.05301587301587301
1823-08-02,0.0986842105263158
1823-08-03,0.009392361111111108
1823-08-04,-0.004102891156462592
1823-08-05,0.13690476190476192
1823-08-06,0.0871505376344086
1823-08-07,-0.07141025641025643
1823-08-08,0.06924242424242424
1823-08-09,0.06977351916376308
1823-08-10,-0.013392857142857147
1823-08-11,0.11587797619047618
1823-08-12,0.027083333333333317
1823-08-13,0.2742857142857143
1823-08-14,-0.03464912280701755
1823-08-15,0.10157867494824016
1823-08-18,-0.008741258741258744
1823-08-19,-0.06666666666666667
1823-08-21,-0.06333333333333332
1823-08-26,-0.05555555555555555
1823-08-28,0.05651785714285714
1823-08-30,0.2111111111111111
1823-08-31,0.225
1823-10-02,0.10833333333333335
1823-10-03,0.1701923076923077
1823-10-05,-0.04633333333333334
1823-10-07,0.05383522727272728
1823-10-10,0.11374999999999999
1823-10-11,-0.0269047619047619
1823-07-01,-0.038740079365079366
1823-07-03,-0.05803030303030303
1823-07-07,0.12232481060606061
1823-07-08,0.13652761380034106
1823-07-09,-0.08333333333333333
1823-07-10,0.11363636363636362
1823-07-11,0.08466585497835499
1823-07-12,0.058333333333333334
1823-07-15,0.09000000000000001
1823-07-17,0.12825689935064935
1823-07-18,0.03461538461538461
1823-07-19,0.23020833333333335
1823-07-21,-0.02133580705009277
1823-07-24,0.03974358974358975
1823-07-25,0.1171363636363636
1823-07-26,0.051277056277056275
1823-07-27,-0.09277777777777778
1823-07-28,0.1218191229060794
1823-07-29,0.089940289595462
1823-07-30,0.06784313725490194
1823-07-31,0.22638888888888886
1823-07,0.18552380952380956
1823-03-02,0.11121553884711782
1823-03-03,0.0
1823-03-08,0.05
1823-03-10,0.07500000000000001
1823-03-12,0.26666666666666666
1823-03-13,0.11607142857142858
1823-03-15,0.010416666666666664
1823-03-17,0.10571428571428572
1823-03-18,0.0
1823-03-19,0.06227678571428571
1823-03-22,0.05
1823-03-24,-0.09999999999999999
1823-03-25,-0.041666666666666664
1823-03-27,0.125
1824-11-11,0.0
1824-11-26,0.0
1824-12-02,0.08044206950456949
1824-12-06,0.09890036434154083
1824-05-01,0.07775680272108844
1824-05-02,0.1917543859649123
1824-05-03,0.0653788216991342
1824-05-04,0.06558441558441558
1824-05-05,0.01568043884220354
1824-05-06,0.10620323606434719
1824-05-07,0.11496475168350168
1824-05-08,0.14122023809523807
1824-05-09,0.1031862745098039
1824-05-10,0.051706739206739204
1824-05-11,0.09208277581004855
1824-05-12,0.07986767020857931
1824-05-13,0.03854166666666666
1824-05-14,0.09960565476190476
1824-05-15,0.12349591616581902
1824-05-16,0.025362318840579712
1824-05-17,0.008291245791245795
1824-05-18,0.06085385101010099
1824-05-19,0.02344300144300145
1824-05-20,0.1556818181818182
1824-05-21,0.13887936507936502
1824-05-22,0.06627126528442316
1824-05-23,0.1563959750566893
1824-05-24,0.14183201058201056
1824-05-25,0.022337962962962962
1824-05-26,0.041610389610389605
1824-05-27,0.07971369539551358
1824-05-29,0.026696375519904923
1824-05-31,0.10382316958403914
1824-06-01,0.043911564625850365
1824-06-02,0.22066666666666665
1824-06-03,0.06728935698447895
1824-06-04,0.16415116415116415
1824-06-06,-0.00265151515151515
1824-06-07,0.019696969696969695
1824-06-08,0.06896167557932265
1824-06-09,0.007843137254901959
1824-06-10,0.0800309214594929
1824-06-11,0.03311287477954145
1824-06-12,0.12611024033437826
1824-06-13,0.16478191000918274
1824-06-14,0.17977072310405642
1824-11-10,0.09831732503607503
1824-11-30,0.11781430934656742
1824-06-15,-0.1
1824-06-17,0.14360795454545455
1824-06-21,0.18775826446280994
1824-06-24,0.02662337662337663
1824-06-25,-0.0003472222222222164
1824-06-26,0.005555555555555554
1824-06-27,0.15250000000000002
1824-06-28,0.05500000000000001
1824-08-03,-0.045
1824-08-04,0.11759114583333331
1824-08-05,0.09358974358974358
1824-08-06,0.01807851239669421
1824-08-07,0.13333333333333333
1824-08-08,0.11185185185185184
1824-08-09,-0.013636363636363636
1824-08-10,-0.0536904761904762
1824-08-16,0.22115384615384615
1824-08-19,0.023958333333333335
1824-08-20,-0.06666666666666667
1824-08-21,0.1340277777777778
1824-08-22,0.2
1824-08-23,0.048275024295432435
1824-08-24,0.03928571428571429
1824-08-25,0.030178253119429593
1824-08-26,-0.0024410774410774353
1824-08-27,0.10845410628019324
1824-08-28,0.013089225589225586
1824-08-29,0.03680555555555556
1824-08-30,0.025457530974772345
1824-07-01,0.0
1824-07-02,0.16666666666666666
1824-07-07,0.35
1824-07-08,-0.02727272727272727
1824-07-09,-0.05555555555555555
1824-07-10,0.1636363636363636
1824-07-11,0.33055555555555555
1824-07-12,0.12416666666666668
1824-07-19,0.07500000000000001
1824-07-20,-0.022420634920634924
1824-07-21,-0.06666666666666665
1824-07-22,0.14696428571428571
1824-07-25,0.14464285714285713
1824-07-27,0.15476190476190474
1824-07-28,0.0
1824-07-29,0.03814102564102565
1824-07-30,0.16388888888888886
1824-07-31,0.15025252525252525
1824-07,0.06399234693877551
1824-01-01,0.04269972451790634
1824-01-02,0.11296296296296296
1824-01-03,-0.02435897435897435
1824-01-04,0.0911111111111111
1824-01-06,0.003703703703703697
1824-01-07,0.2404761904761905
1824-01-08,0.15765306122448985
1824-01-09,-0.125
1824-01-10,0.07182017543859649
1824-01-12,0.17188311688311692
1824-01-13,0.020105820105820113
1824-01-15,-0.070578231292517
1824-01-17,0.12254901960784317
1824-01-20,-0.05092592592592593
1824-01-23,0.08703703703703704
1824-01-24,-0.03928571428571428
1824-01-25,0.07783333333333334
1824-01-26,0.019791666666666676
1824-01-27,0.0484018759018759
1824-01-28,0.07315315315315316
1824-01-30,0.10507246376811595
1824-03-01,0.011826599326599322
1824-03-02,0.03613636363636362
1824-03-03,0.0035714285714285726
1824-03-05,0.10661764705882351
1824-03-06,-0.04174783549783551
1824-03-07,0.1788548752834467
1824-03-08,-0.06680672268907561
1824-03-09,0.1115927750410509
1824-03-10,0.02090201465201465
1824-03-11,0.13664625850340134
1824-03-12,0.11957738095238096
1824-03-13,0.0953125
1824-03-14,0.07892583470169677
1824-03-15,0.030578102453102458
1824-03-16,-0.049275362318840575
1824-03-17,0.07446236559139784
1824-03-18,0.016774891774891783
1824-03-19,0.017279693486590045
1824-03-20,0.17032554987100443
1824-03-21,0.07272727272727274
1824-03-22,0.09338383838383837
1824-03-23,0.11277056277056277
1824-03-24,-0.0015318015318015231
1824-03-25,0.04482572025675474
1824-03-26,0.052002164502164515
1824-03-27,0.12472527472527467
1824-03-29,0.11352828884078885
1824-03-30,0.05364145658263305
1824-03-31,0.03463068181818181
1824-02-01,0.054834054834054825
1824-02-02,0.11477272727272726
1824-02-03,-0.055113636363636365
1824-02-04,0.13668797348484849
1824-02-05,0.17142857142857143
1824-04-01,0.004130009775171074
1824-04-02,0.07551233422661993
1824-04-03,0.04328617810760666
1824-04-05,0.08783606744133059
1824-04-06,0.061599086099086105
1824-04-07,0.05865800865800866
1824-04-08,0.06817765567765569
1824-04-09,0.05722943722943723
1824-04-10,0.01943444650587509
1824-04-11,0.11834066471163243
1824-04-12,0.10031658954072746
1824-04-13,0.08429041972520235
1824-04-14,0.12797619047619047
1824-04-15,0.10110599078341014
1824-04-16,0.08365384615384615
1824-04-17,0.16561417748917745
1824-04-18,0.13523809523809524
1824-04-19,0.0463054090007215
1824-04-20,-0.033421516754850084
1824-04-22,0.04974627224627225
1824-04-24,0.056628787878787876
1824-04-25,-0.029393424036281184
1824-04-27,-0.026449275362318843
1824-04-28,-0.030472999222999227
1824-04-29,0.07602044884939624
1824-04-30,0.08783068783068781
1824-02-06,-0.25
1824-02-07,-0.1625
1824-02-10,0.08333333333333333
1824-02-12,-0.012499999999999992
1824-02-13,0.049999999999999996
1824-02-14,0.10714285714285714
1824-02-17,0.09166666666666667
1824-02-19,0.4333333333333333
1824-02-20,-0.075
1824-02-21,-0.21833333333333335
1824-02-22,-0.09761904761904763
1824-02-23,0.049999999999999996
1824-02-24,0.21428571428571427
1824-02-25,-0.11022727272727273
1824-02-26,-0.008035714285714285
1824-02-27,0.028095238095238097
1824-09-09,0.10733333333333334
1824-09-11,0.3404761904761905
1824-09-13,0.1272727272727273
1824-09-15,-0.07380952380952381
1824-09-16,-0.04
1824-09-17,-0.12499999999999999
1824-09-18,-0.09444444444444444
1824-09-19,-0.029629629629629617
1824-09-22,0.2529411764705883
1824-10-20,0.0625
1824-10-04,0.07546721571111814
1824-10-06,0.07100000000000002
1824-10-07,0.10031893004115225
1824-12-01,0.0
1824-12-03,0.3
1824-12-04,0.0
1824-12-09,0.14783549783549785
1824-12-10,0.062121212121212126
1824-12-11,0.07179487179487179
1824-12-12,0.04805555555555554
1824-12-13,0.035299422799422796
1824-12-14,0.014115646258503409
1824-12-15,0.17071078431372547
1824-12-16,0.17674362674362676
1824-12-17,0.17106402369560264
1824-12-18,0.06495181405895692
1824-12-19,0.21874999999999997
1824-12-21,0.021464646464646457
1824-12-22,0.21704918032786888
1824-12-23,0.10800189393939393
1824-12-24,0.03823953823953824
1824-12-25,-0.002499999999999994
1824-12-26,0.029077380952380955
1824-12-27,0.01688311688311689
1824-12-29,0.04876033057851239
1824-12-30,-0.12272727272727274
1821-09-01,0.0
1821-09-02,0.01942857142857143
1821-09-03,0.0006535947712418261
1821-09-04,0.09424603174603173
1821-09-05,0.08405039405039405
1821-09-08,0.10459595959595959
1821-09-09,0.2163265306122449
1821-09-10,0.3
1821-09-11,0.18149717514124286
1821-09-13,0.12218088624338624
1821-09-15,0.22754492981765706
1821-09-16,0.13164335664335663
1821-09-18,0.01111751152073732
1821-09-19,0.08162280701754387
1821-09-20,0.10824381379936934
1821-09-21,0.18039215686274512
1821-09-22,0.19384920634920635
1821-09-23,-0.0025925925925925947
1821-09-25,-0.02142857142857143
1821-09-28,0.1825814536340852
1821-09-29,0.07132034632034631
1821-09-30,0.015787037037037037
1821-07-13,0.0
1821-06-18,0.0
1821-06-20,0.0
1821-06-22,0.0
1821-06-26,0.0
1821-06-27,0.0
1821-05-01,0.0013888888888888933
1821-05-02,-0.0625
1821-05-05,0.07761904761904762
1821-01-01,0.12616341991341992
1821-01-02,0.1329949874686717
1821-01-03,0.0263452380952381
1821-01-04,0.07780112044817929
1821-01-05,0.003500000000000003
1821-01-06,-0.058888888888888886
1821-01-07,0.0971522038567493
1821-01-09,0.03508503401360546
1821-01-10,0.06591478696741855
1821-01-11,0.13963409606266752
1821-01-12,0.10416666666666669
1821-01-13,0.08654428904428906
1821-01-14,0.08267195767195769
1821-01-15,0.09364428998231814
1821-01-16,0.05142857142857142
1821-01-17,0.07572393822393822
1821-01-18,0.07256944444444444
1821-01-19,0.10862041467304624
1821-01-20,0.03516042780748663
1821-01-21,0.14362745098039215
1821-01-22,0.11298449612403098
1821-01-23,0.1764285714285714
1821-01-24,0.06118421052631579
1821-01-25,0.1294871794871795
1821-01-26,0.08045442385330026
1821-01-27,0.12305083182885869
1821-01-28,-0.1865740740740741
1821-01-29,0.10964912280701752
1821-01-30,0.20606060606060608
1821-01-31,-0.04737179487179487
1821-03-22,-0.020179063360881544
1821-03-24,0.02380952380952381
1821-03-25,0.1095238095238095
1821-03-26,0.0329954954954955
1821-03-27,0.13893467643467644
1821-03-28,0.10103305785123967
1821-03-29,-0.059166666666666666
1821-03-01,0.024224095796676438
1821-03-02,0.0179397357028936
1821-03-03,0.05152056277056277
1821-03-04,-0.125
1821-03-05,0.04214669738863287
1821-03-06,0.06869542886492039
1821-03-07,0.11988415905082572
1821-03-08,0.08827976190476186
1821-03-09,0.07807441793680328
1821-03-10,0.045861678004535146
1821-03-12,0.18640151515151512
1821-03-16,0.18285695785695782
1821-03-17,-0.05277777777777778
1821-03-19,0.08073593073593073
1821-05-08,0.0
1821-05-11,0.0
1821-05-17,0.0
1821-04-01,0.09458333333333334
1821-04-02,0.05
1821-04-03,0.05611111111111113
1821-04-05,0.08030538302277435
1821-04-06,0.0917543859649123
1821-04-10,0.02495894909688015
1821-04-11,0.026142473118279573
1821-04-12,0.1328588681849551
1821-04-13,0.030449735449735445
1821-04-16,0.029411764705882353
1821-04-17,-0.05428571428571429
1821-04-18,0.14336309523809526
1821-04-20,0.0728774817136886
1821-04-21,0.03826530612244898
1821-04-24,0.04262820512820513
1821-04-27,0.08137755102040814
1821-04-30,0.10755494505494505
1821-12-01,0.07154566744730678
1821-12-02,-0.011967353951890036
1821-12-03,0.09819667766096339
1821-12-04,0.04162907268170427
1821-12-09,0.05092198021885522
1821-12-10,0.014940344208636894
1821-12-12,0.08236036321402176
1821-12-13,0.1555988455988456
1821-12-17,0.16295928030303033
1821-12-18,0.08858600145728858
1821-12-20,0.06283068783068785
1821-12-21,0.09846103896103896
1821-12-23,0.03321812596006145
1821-12-24,0.01809210526315789
1821-12-26,-0.017391304347826084
1821-12-27,0.0497967479674797
1821-12-28,0.09291666666666669
1821-12-29,0.05331607581607581
1821-12-31,0.12218671085858585
1821-08-21,0.01851851851851852
1821-08-22,-0.028186274509803926
1821-08-23,0.10986111111111112
1821-08-24,0.20399305555555558
1821-08-25,0.007812500000000007
1821-08-26,-0.021875000000000006
1821-08-27,0.05
1821-10-01,0.11638127853881274
1821-10-02,0.06468573988735281
1821-10-03,0.1527777777777778
1821-10-04,0.056378299120234614
1821-10-05,0.15337878787878786
1821-10-06,0.06736985236985236
1821-10-07,0.09214780981730132
1821-10-09,0.03628395061728395
1821-10-10,0.10958931419457732
1821-10-12,-0.012727272727272731
1821-10-13,0.027700972862263185
1821-10-14,-0.0762366250102099
1821-10-15,0.1276060051060051
1821-10-16,-0.0606159420289855
1821-10-19,0.07023809523809524
1821-10-20,0.13068081609748272
1821-10-21,0.07745535714285712
1821-10-22,0.22671875
1821-10-23,-0.001259018759018754
1821-10-24,0.018665048543689326
1821-10-25,-0.0009217793700552259
1821-10-26,0.0657312925170068
1821-10-27,0.1105392156862745
1821-10-28,0.02083333333333335
1821-10-29,0.1266324812753384
1821-11-01,0.03372089947089948
1821-11-02,0.11624423963133643
1821-11-03,0.12496632996632999
1821-11-04,0.15148588154269974
1821-11-05,0.15976190476190477
1821-11-06,0.025970350404312652
1821-11-08,0.09019226658115545
1821-11-09,0.12437499999999999
1821-11-10,0.04911904761904761
1821-11-13,0.0028077922077922005
1821-11-14,0.23015873015873017
1821-11-15,0.08377049717958804
1821-11-16,0.06369676834793114
1821-11-17,-0.0066241701007326015
1821-11-18,0.11721491228070176
1821-11-19,0.07094617604617605
1821-11-21,0.0543859649122807
1821-11-22,0.05729661598564037
1821-11-23,0.09911877705627706
1821-11-26,0.0880760810071155
1821-11-27,0.060299753763056525
1821-11-28,0.052428916494133886
1821-11-30,0.11672486912312495
1821-08-09,0.0
1821-08-10,0.0
1821-02-01,0.0572463768115942
1821-02-04,0.1359126984126984
1821-02-05,0.128
1821-02-06,-0.016409632034632034
1821-02-07,0.1577639751552795
1821-02-08,0.16688311688311688
1821-02-09,0.07386363636363635
1821-02-10,0.1133008658008658
1821-02-11,0.12021943573667707
1821-02-12,0.09835035514647163
1821-02-13,0.14126422959756293
1821-02-14,0.1686535881958417
1821-02-15,0.125455684666211
1821-02-16,0.12743903930344605
1821-02-17,0.020238095238095246
1821-02-18,0.16635472370766488
1821-02-19,0.11517735995347936
1821-02-20,0.00010504201680672558
1821-02-21,0.04078282828282829
1821-02-22,0.07961538461538463
1821-02-23,0.0536738519212746
1821-02-24,0.05346071552968106
1821-02-25,0.08111111111111109
1821-02-26,0.04947916666666667
1821-02-27,0.10329255063297613
1821-02-28,0.2243622448979592
1826-02-17,0.0
1826-02-18,0.0
1826-02-21,0.0
1826-02-22,0.04999999999999999
1826-02-23,-0.2
1826-02-24,0.0
1826-02-25,0.0
1826-02-26,0.0
1826-02-27,-0.15555555555555559
1826-02-28,0.0
1826-01-01,-0.0008838383838383857
1826-01-02,0.010635121051787717
1826-01-03,0.05345115112160566
1826-01-04,0.1023989898989899
1826-01-05,0.14062173458725183
1826-01-06,0.09036402990948444
1826-01-07,0.09228682170542635
1826-01-08,0.18475765306122452
1826-01-09,0.09885332921047209
1826-01-10,0.1363095238095238
1826-01-11,0.0898671096345515
1826-01-13,0.15062036178107605
1826-01-14,0.062121212121212126
1826-01-17,0.07890331890331889
1826-01-18,0.058489486703772416
1826-01-19,0.08446428571428571
1826-01-20,0.04151034151034152
1826-01-21,0.08593073593073594
1826-01-22,0.05720588235294118
1826-01-23,0.20821428571428574
1826-01-24,0.05496753246753247
1826-01-25,0.0012975912975912959
1826-01-26,0.12835743801652896
1826-01-27,-0.03637121212121212
1826-01-28,0.0684981684981685
1826-01-29,-0.004261363636363644
1826-01-30,0.04689911537737625
1826-01-31,0.11252497502497505
1826-06-01,0.0
1826-06-02,0.0
1826-06-03,0.6
1826-06-04,0.0
1826-06-05,0.0
1826-06-06,0.0
1826-06-07,0.0
1826-06-08,0.6
1826-06-09,0.6
1826-06-10,0.6
1826-06-11,0.6
1826-06-12,0.475
1826-06-13,0.6
1826-06-14,0.6
1826-06-15,0.6
1826-06-16,0.0
1826-06-17,0.0
1826-06-19,-0.2
1826-06-20,0.06818181818181818
1826-06-21,0.0
1826-06-22,0.0
1826-06-23,0.0
1826-06-24,0.0
1826-06-25,-0.06666666666666667
1826-06-29,0.0
1826-06-30,0.0
1826-08-01,0.08804347826086956
1826-08-03,-0.03005952380952381
1826-08-04,0.09288537549407114
1826-08-05,0.08872549019607844
1826-08-06,0.048379629629629634
1826-08-07,0.06597222222222222
1826-08-08,0.024561403508771923
1826-08-13,0.04379509379509379
1826-08-14,0.08899999999999998
1826-08-15,0.26517857142857143
1826-08-18,0.10861111111111109
1826-08-19,0.0009154040404040456
1826-08-21,-0.04567323481116584
1826-08-25,-0.012400793650793659
1826-08-27,0.09609375
1826-08-28,0.004807692307692308
1826-08-29,0.11246753246753247
1826-02-01,0.0649036447423544
1826-02-02,0.1442857142857143
1826-02-03,0.02342472342472342
1826-02-04,-0.00039682539682540534
1826-02-05,0.12440476190476189
1826-02-06,0.09881138975966561
1826-02-07,0.20555555555555555
1826-02-08,0.048632756132756146
1826-02-09,0.12206108706108708
1826-02-10,0.1259469696969697
1826-02-11,0.11978609625668447
1826-02-12,-0.03220899470899471
1826-02-13,0.12881720430107527
1826-02-15,-0.045238095238095244
1826-02-16,-0.021212121212121213
1826-07-01,0.14443322109988777
1826-07-02,0.17449175824175825
1826-07-03,0.24375
1826-07-05,0.09562937062937064
1826-07-06,0.11904997176736308
1826-07-07,0.04753086419753086
1826-07-08,0.05456349206349208
1826-07-13,0.0608695652173913
1826-07-14,0.18979166666666666
1826-07-15,0.06769972451790635
1826-07-16,0.04914529914529913
1826-07-17,0.11874999999999998
1826-07-18,0.1971153846153846
1826-07-19,0.06686813186813187
1826-07-20,0.016805555555555546
1826-07-21,0.05497076023391812
1826-07-22,0.09639999999999999
1826-07-25,0.1630325814536341
1826-07-26,0.12879536101758324
1826-07-27,0.08839285714285716
1826-07-28,0.11022727272727272
1826-07-29,0.10458705357142857
1826-07,-0.06944444444444443
1826-03-01,0.0
1826-03-03,-0.30000000000000004
1826-03-07,0.0
1826-03-08,0.0
1826-03-09,0.6
1826-03-10,0.06666666666666665
1826-03-15,0.0
1826-03-17,0.06666666666666665
1826-03-18,0.0
1826-03-20,0.6
1826-03-21,0.0
1826-03-22,0.0
1826-03-23,0.0
1826-03-24,0.0
1826-03-25,0.0
1826-03-26,0.0
1826-03-28,0.0
1826-03-29,0.0
1826-03-30,0.0
1826-03-31,0.3
1819-04-01,0.08301136363636362
1819-04-02,0.05982142857142856
1819-04-03,0.12143026244588745
1819-04-04,0.1403628117913832
1819-04-05,0.0841167434715822
1819-04-06,0.0993421052631579
1819-04-07,0.09133986928104576
1819-04-08,0.10915528915528915
1819-04-09,0.0918754313319531
1819-04-10,0.1549242424242424
1819-04-11,0.00718644781144781
1819-04-12,0.15687996031746035
1819-04-13,0.03299062049062049
1819-04-14,0.13929063398912647
1819-04-15,-0.06025641025641026
1819-04-16,0.10521885521885521
1819-04-17,0.0676470588235294
1819-04-18,-0.044230769230769226
1819-04-19,0.05159165547096582
1819-04-20,0.08130315762668705
1819-04-21,0.2710044642857143
1819-04-22,0.0360320979833175
1819-04-23,0.039378787878787874
1819-04-24,0.09842508186258188
1819-04-25,0.03703703703703704
1819-04-26,0.10169540482040483
1819-04-27,0.11850321395775945
1819-04-28,0.04156083429042612
1819-04-29,0.13964155844155843
1819-04-30,0.12393401805166507
1819-11-01,0.03198051948051948
1819-11-02,0.08152079659024103
1819-11-03,0.024468085106382976
1819-11-04,0.024583333333333332
1819-11-05,0.03756239645128534
1819-11-07,-0.018968253968253954
1819-11-08,-0.00694444444444444
1819-11-09,0.24
1819-11-10,0.0925019201228879
1819-11-12,0.0659090909090909
1819-11-13,-0.006869834710743808
1819-11-14,0.0027597402597402602
1819-11-15,0.056076923076923094
1819-11-16,0.14641477272727274
1819-11-17,0.14141870262559922
1819-11-18,0.03956766917293234
1819-11-19,-0.020552248677248683
1819-11-20,0.021374458874458876
1819-11-21,0.03958333333333334
1819-11-22,0.0246031746031746
1819-11-23,0.007007575757575759
1819-11-24,0.08953533479507506
1819-11-25,0.07853485838779957
1819-11-26,0.09715007215007215
1819-11-27,0.09931585081585079
1819-11-28,0.1310290404040404
1819-11-29,0.019838709677419363
1819-05-01,0.09583333333333335
1819-05-02,0.015151515151515164
1819-05-03,0.13399711399711398
1819-05-04,-0.031746031746031744
1819-05-05,0.005833333333333329
1819-05-06,0.08879797979797979
1819-05-07,-0.0002083333333333335
1819-05-08,-0.03640350877192982
1819-05-09,-0.04336956521739131
1819-05-10,0.1011682615629984
1819-05-11,0.010138362794612788
1819-05-12,-0.009974747474747477
1819-05-13,0.14717425431711145
1819-05-14,-0.15442708333333333
1819-05-15,0.12843915343915344
1819-05-16,0.08368434343434346
1819-05-17,-0.053630952380952376
1819-05-19,0.046271929824561416
1819-05-20,0.030592105263157886
1819-05-21,0.034366496598639454
1819-05-22,0.08095238095238097
1819-05-23,0.19920157967032967
1819-05-24,0.18147807439474106
1819-05-25,-0.020982142857142852
1819-05-26,0.13080668290043293
1819-05-27,0.0008370535714285676
1819-05-28,0.10040650406504066
1819-05-29,0.08523198122224096
1819-05-30,0.06215034965034963
1819-05-31,0.10230566534914359
1819-09-01,-0.08333333333333333
1819-09-02,0.14095238095238097
1819-09-03,0.13472222222222222
1819-09-04,0.14500000000000002
1819-09-05,0.16250000000000003
1819-09-07,0.18214531680440765
1819-09-08,0.065
1819-09-10,-0.005465838509316769
1819-09-11,-0.035606060606060606
1819-09-12,0.13333333333333333
1819-09-14,0.21666666666666665
1819-09-15,0.01861979166666667
1819-09-16,0.16074074074074074
1819-09-17,0.048544973544973544
1819-09-18,0.05500000000000001
1819-09-19,0.09369913419913421
1819-09-20,0.09571428571428572
1819-09-21,0.07416666666666667
1819-09-22,0.0988095238095238
1819-09-23,-0.0041666666666666605
1819-09-24,0.08452380952380951
1819-09-25,0.05748106060606061
1819-09-26,-0.22777777777777775
1819-09-27,-0.0975
1819-09-28,0.17916666666666664
1819-09-29,0.2218822843822844
1819-09-30,0.06527093596059112
1819-07-02,0.02403119868637111
1819-07-03,0.0875
1819-07-04,0.13066666666666665
1819-07-05,-0.11674963924963924
1819-07-06,-0.020965608465608472
1819-07-07,0.051000000000000004
1819-07-08,-0.044444444444444446
1819-07-09,0.07784391534391535
1819-07-10,0.08974358974358973
1819-07-11,0.04687499999999999
1819-07-12,0.08750000000000001
1819-07-13,0.04999999999999998
1819-07-14,0.06481837606837607
1819-07-15,0.037500000000000006
1819-07-16,-0.009830447330447327
1819-07-17,0.16666666666666666
1819-07-18,0.006249999999999995
1819-07-19,-0.008235294117647058
1819-07-20,-0.05625
1819-07-21,0.4833333333333334
1819-07-22,-0.06132154882154883
1819-07-23,0.06999999999999999
1819-07-24,-0.0004629629629629644
1819-07-25,-0.030740740740740735
1819-07-27,-0.0625
1819-07-28,0.11007846320346322
1819-07-29,0.25739795918367353
1819-07-30,0.01666666666666666
1819-07-31,0.11428571428571428
1819-06-01,0.07315211384360319
1819-06-02,0.055841380841380836
1819-06-03,0.13333333333333333
1819-06-04,0.05802771855010662
1819-06-05,0.05714285714285715
1819-06-06,0.05972222222222223
1819-06-07,0.013750000000000002
1819-06-08,-0.034999999999999996
1819-06-09,0.02414021164021164
1819-06-10,0.14444444444444446
1819-06-11,0.039597763347763354
1819-06-12,0.07969530469530468
1819-06-13,0.05333333333333333
1819-06-14,0.12239583333333336
1819-06-15,0.07741228070175439
1819-06-16,0.13333333333333333
1819-06-17,0.0690984520529975
1819-06-18,0.19902319902319904
1819-06-19,0.14500000000000002
1819-06-20,0.04000000000000001
1819-06-21,0.08446969696969694
1819-06-22,0.05000000000000001
1819-06-23,-0.05681818181818182
1819-06-24,0.09548285048285048
1819-06-25,0.043750000000000004
1819-06-26,-0.06631944444444444
1819-06-27,0.08256613756613758
1819-06-28,-0.04833333333333334
1819-06-29,0.13697916666666665
1819-06-30,-0.017023809523809528
1819-06,-0.025980392156862726
1819-01-02,0.08822331744993618
1819-01-03,0.14762094630515685
1819-01-04,-0.016666666666666663
1819-01-05,0.07525252525252527
1819-01-06,0.004824561403508781
1819-01-07,0.052650984636278764
1819-01-08,-0.07592592592592591
1819-01-09,-0.023645956316410855
1819-01-10,0.057172619047619055
1819-01-11,0.038383256528417814
1819-01-12,0.09310884353741496
1819-01-13,-0.01931818181818181
1819-01-14,0.0029761904761904786
1819-01-15,0.04351461038961039
1819-01-17,0.05083333333333334
1819-01-18,0.09129058441558441
1819-01-19,0.062499999999999986
1819-01-20,0.0865945165945166
1819-01-21,-0.020726495726495726
1819-01-22,-0.024653590944574554
1819-01-23,0.08935119047619046
1819-01-24,0.03231837606837607
1819-01-25,0.1519610741561961
1819-01-26,0.10913043478260868
1819-01-27,0.01863636363636364
1819-01-28,0.052777777777777764
1819-01-29,0.017164502164502167
1819-01-30,0.08178571428571428
1819-01-31,-0.14199999999999996
1819-12-02,0.11598300073909831
1819-12-03,0.1418590593434344
1819-12-04,0.150138246875535
1819-12-05,-0.010227272727272725
1819-12-06,0.1516651315587486
1819-12-08,0.08106947697111631
1819-12-09,0.19140625
1819-12-10,0.10251322751322753
1819-12-11,-0.030413165266106438
1819-12-12,-0.06166666666666667
1819-12-13,0.06902228976697063
1819-12-14,-0.1066220238095238
1819-12-15,0.07663636363636364
1819-12-16,0.06017283950617284
1819-12-17,-0.09333333333333334
1819-12-18,0.09813725490196079
1819-12-20,0.11616666666666665
1819-12-21,0.03250000000000001
1819-12-23,0.13226190476190475
1819-12-25,0.06433333333333333
1819-12-26,-0.06666666666666667
1819-12-27,0.09168911007025761
1819-12-28,-0.07352941176470587
1819-12-29,0.023333333333333327
1819-12-30,0.13214285714285715
1819-12,0.23616071428571428
1819-03-01,0.048910675381263626
1819-03-02,0.14352453102453105
1819-03-03,0.017251461988304108
1819-03-04,0.020063025210084042
1819-03-05,0.13687619198982834
1819-03-06,0.1647222222222222
1819-03-08,0.06294714745801704
1819-03-09,0.0590900657783775
1819-03-10,-0.06369047619047619
1819-03-12,0.11699129852744312
1819-03-13,0.007271292029356545
1819-03-14,0.18571428571428572
1819-03-15,-0.0463903743315508
1819-03-16,0.08175213675213677
1819-03-17,0.2038014069264069
1819-03-18,0.1093523194912084
1819-03-19,-0.0691919191919192
1819-03-20,-0.04774725274725275
1819-03-21,0.310989010989011
1819-03-22,0.02837301587301588
1819-03-23,-0.05000000000000001
1819-03-24,0.16649122807017544
1819-03-26,0.07621428571428573
1819-03-28,0.1777726242011956
1819-03-29,0.09637085137085136
1819-03-30,-0.04395408163265307
1819-03-31,0.12339424141749722
1819-02-01,0.06090476190476191
1819-02-02,0.06830357142857144
1819-02-03,0.06819704433497539
1819-02-04,-0.009239130434782606
1819-02-05,0.04214285714285714
1819-02-06,0.09010752688172043
1819-02-07,0.10531249999999998
1819-02-08,0.07567251461988304
1819-02-09,0.12208333333333335
1819-02-10,0.005538720538720547
1819-02-11,0.010897940443394984
1819-02-12,0.09861111111111111
1819-02-13,0.17683673469387753
1819-02-14,0.007962962962962972
1819-02-15,0.0012101910828025467
1819-02-16,0.061491788634645786
1819-02-17,0.07684729064039411
1819-02-18,0.043880575945793344
1819-02-19,0.09603442125914037
1819-02-20,0.110812133072407
1819-02-21,0.10984848484848486
1819-02-22,0.15993666827000158
1819-02-23,0.06502164502164502
1819-02-24,0.12014157014157012
1819-02-25,0.09456349206349206
1819-02-26,0.16117467666078775
1819-02-27,0.174
1819-02-28,-0.027935606060606057
1819-08-01,0.06000000000000001
1819-08-02,0.24387755102040815
1819-08-03,0.049342105263157895
1819-08-04,0.17500000000000002
1819-08-05,-0.02990196078431371
1819-08-06,0.08020979020979019
1819-08-07,0.10857142857142857
1819-08-08,0.09597222222222224
1819-08-10,0.09293313069908815
1819-08-11,-0.012796431211065372
1819-08-12,-0.020877192982456143
1819-08-14,0.10584415584415585
1819-08-15,-0.10246913580246914
1819-08-16,-0.04094757094757095
1819-08-17,0.034475500345065566
1819-08-18,0.030911759473403307
1819-08-19,0.010526315789473693
1819-08-21,0.01992063492063491
1819-08-22,0.008862433862433863
1819-08-23,0.12026145811860096
1819-08-25,0.0824500768049155
1819-08-26,0.05856481481481481
1819-08-27,0.08140575288165648
1819-08-28,0.02460884353741496
1819-08-29,0.088
1819-10-01,0.021957671957671954
1819-10-02,0.14848484848484853
1819-10-03,0.06660839160839162
1819-10-04,0.19415458937198068
1819-10-05,0.2359722222222222
1819-10-06,0.04321025020177564
1819-10-07,0.006
1819-10-08,0.06856060606060606
1819-10-09,-0.0055258467023172955
1819-10-11,0.19332954545454545
1819-10-12,0.05178571428571429
1819-10-13,-0.05706845238095237
1819-10-14,0.15817644887412333
1819-10-15,-2.7755575615628915e-18
1819-10-16,0.11741184163059165
1819-10-17,0.07202380952380953
1819-10-18,0.11566558441558442
1819-10-19,0.07261904761904761
1819-10-20,0.17288311688311686
1819-10-21,0.0
1819-10-22,0.14583333333333334
1819-10-23,-0.00833333333333333
1819-10-24,0.0696969696969697
1819-10-25,0.12898351648351644
1819-10-26,0.061921411921411915
1819-10-27,0.11533437826541275
1819-10-28,0.26666666666666666
1819-10-29,0.0931023058574079
1819-10-31,0.22458333333333336
1819-10,-0.06507936507936508
1818-08-01,0.031923076923076936
1818-08-02,0.03212121212121213
1818-08-03,0.15579545454545454
1818-08-04,0.020833333333333332
1818-08-05,-0.008333333333333328
1818-08-07,0.056249999999999994
1818-08-08,0.061206896551724135
1818-08-09,0.06731829573934837
1818-08-10,-0.049999999999999996
1818-08-11,0.0
1818-08-13,0.32499999999999996
1818-08-14,0.17399749373433582
1818-08-15,0.06420000000000001
1818-08-16,0.10461538461538458
1818-08-17,0.12976190476190477
1818-08-18,-0.0175
1818-08-20,0.034375
1818-08-21,-0.023873873873873866
1818-08-22,0.03541666666666668
1818-08-23,0.028571428571428574
1818-08-24,0.039814107461166294
1818-08-25,0.10714285714285714
1818-08-27,0.1375
1818-08-28,0.11431372549019608
1818-08-29,0.08527629233511587
1818-08-30,0.06038461538461536
1818-08-31,0.14368421052631578
1818-12-01,0.026785714285714284
1818-12-02,0.12545454545454543
1818-12-03,-0.031980519480519484
1818-12-04,0.0
1818-12-05,-0.08958333333333333
1818-12-06,-0.03888888888888889
1818-12-07,0.02045977011494253
1818-12-08,0.04348484848484848
1818-12-09,-0.0306892230576441
1818-12-12,0.12173382173382172
1818-12-13,-0.02499999999999999
1818-12-14,0.10044296788482834
1818-12-15,0.09031250000000002
1818-12-16,0.15182072829131654
1818-12-17,0.05544871794871796
1818-12-18,0.09409090909090909
1818-12-19,0.02849702380952381
1818-12-21,0.035416666666666666
1818-12-22,0.11763612313612316
1818-12-24,0.11583333333333334
1818-12-25,0.07605158730158731
1818-12-26,0.0016666666666666718
1818-12-27,-0.2910714285714286
1818-12-28,0.06070716564137618
1818-12-29,0.08122807017543858
1818-12-30,0.04921085858585859
1818-12-31,0.0033482142857142877
1818-12,0.18812499999999996
1818-10-01,0.043333333333333335
1818-10-02,0.04992753623188407
1818-10-03,0.11343434343434346
1818-10-04,0.11085260770975058
1818-10-05,0.07818333333333334
1818-10-06,0.11511072261072262
1818-10-07,0.11795959595959594
1818-10-08,0.07968253968253969
1818-10-09,0.08506535947712417
1818-10-10,0.13704906204906203
1818-10-11,-0.0016335227272727317
1818-10-12,0.028306878306878305
1818-10-13,0.12493888888888888
1818-10-14,0.016854166666666667
1818-10-15,0.07831491425241427
1818-10-17,0.10502913752913752
1818-10-18,-0.0050000000000000044
1818-10-19,0.02984941538212567
1818-10-20,0.04523809523809525
1818-10-21,-0.009802102659245512
1818-10-23,0.023737373737373717
1818-10-24,0.026218708827404485
1818-10-25,0.14619565217391306
1818-10-26,-0.02777777777777778
1818-10-27,0.1392857142857143
1818-10-28,0.08041125541125542
1818-10-29,0.06753697691197688
1818-10-30,0.07332815734989649
1818-10-31,0.09522178734507504
1818-09-01,0.06182230467944755
1818-09-02,0.038020833333333344
1818-09-03,0.2510072951739618
1818-09-04,-0.16785714285714284
1818-09-05,-0.022222222222222216
1818-09-06,0.1715686274509804
1818-09-08,0.07465277777777779
1818-09-09,0.05158249158249158
1818-09-10,-0.005769230769230775
1818-09-11,-0.0026785714285714355
1818-09-13,-0.008333333333333337
1818-09-14,0.10285714285714287
1818-09-15,0.1875
1818-09-16,0.1409090909090909
1818-09-17,0.017543859649122803
1818-09-20,0.19816287878787878
1818-09-21,0.06681547619047619
1818-09-22,0.12569444444444447
1818-09-23,0.024561403508771933
1818-09-24,-0.02539682539682539
1818-09-25,-0.044642857142857144
1818-09-26,-0.03165266106442576
1818-09-27,0.09722222222222221
1818-09-28,0.03358585858585859
1818-09-29,0.1304357349000206
1818-09-30,0.08214285714285714
1818-06-01,0.1125
1818-06-02,0.04308390022675736
1818-06-03,-0.040126262626262635
1818-06-04,0.7
1818-06-05,0.048611111111111105
1818-06-06,-0.0961111111111111
1818-06-07,0.01018518518518518
1818-06-08,0.1860515873015873
1818-06-09,0.028280423280423277
1818-06-10,-0.028571428571428574
1818-06-11,0.125
1818-06-12,0.06512096774193547
1818-06-13,0.027380952380952388
1818-06-14,-0.030246913580246917
1818-06-15,0.02972027972027971
1818-06-16,0.009722222222222224
1818-06-17,0.034999999999999996
1818-06-18,0.25666666666666665
1818-06-19,-0.04772727272727272
1818-06-20,-0.1
1818-06-21,0.08958333333333333
1818-06-22,-0.024242424242424246
1818-06-23,0.07780303030303029
1818-06-25,-0.005814780457637598
1818-06-26,0.09465811965811964
1818-06-27,0.05802139037433155
1818-06-28,0.04768518518518519
1818-06-29,0.1147549019607843
1818-06-30,0.03541666666666668
1818-06,0.0619047619047619
1818-05-01,0.0560487757856179
1818-05-03,0.1481939605110337
1818-05-04,-0.01919191919191919
1818-05-05,0.08877665544332212
1818-05-06,-0.08125
1818-05-07,-0.007154761904761902
1818-05-08,0.06365740740740741
1818-05-09,-0.04285714285714286
1818-05-10,0.08636363636363636
1818-05-11,0.03314393939393939
1818-05-12,-0.022644927536231884
1818-05-13,0.05704971258249947
1818-05-15,0.09843556196278967
1818-05-16,0.011458333333333333
1818-05-17,-0.29833333333333334
1818-05-18,0.10218837535014005
1818-05-19,0.07599431818181818
1818-05-20,0.021387878787878782
1818-05-21,0.13138167388167385
1818-05-22,0.2241228070175439
1818-05-23,0.03210784313725491
1818-05-24,0.051515151515151514
1818-05-25,0.04606227106227107
1818-05-26,0.06818240850059032
1818-05-27,-0.0006172839506172941
1818-05-28,0.011805555555555545
1818-05-29,0.026086956521739136
1818-05-30,0.12217532467532469
1818-05-31,0.019318181818181825
1818-03-01,-0.05000000000000001
1818-03-02,0.12675189393939396
1818-03-03,0.08442028985507248
1818-03-04,0.03393939393939394
1818-03-05,0.012546296296296297
1818-03-06,0.05664335664335665
1818-03-07,0.005513499658236499
1818-03-09,0.027272727272727268
1818-03-10,0.03370535714285714
1818-03-11,0.13935185185185187
1818-03-12,0.08317460317460316
1818-03-13,0.165625
1818-03-14,2.3129646346357427e-18
1818-03-15,-0.03333333333333333
1818-03-16,-0.08191287878787877
1818-03-17,0.10664335664335665
1818-03-18,0.053698530152018524
1818-03-19,0.01666666666666667
1818-03-20,0.29999999999999993
1818-03-21,0.0911111111111111
1818-03-22,0.13824750830564786
1818-03-23,0.13214285714285715
1818-03-24,0.09791666666666668
1818-03-25,-0.24500000000000002
1818-03-26,-0.09404761904761906
1818-03-27,0.055706075533661754
1818-03-28,0.05078914141414141
1818-03-29,0.013095238095238102
1818-03-30,0.006831501831501842
1818-03-31,-0.010330578512396693
1818-03,0.010984848484848488
1818-02-01,0.14444444444444443
1818-02-03,0.2029411764705882
1818-02-04,0.16856060606060605
1818-02-05,-0.009090909090909094
1818-02-06,0.09660714285714286
1818-02-07,0.10454545454545455
1818-02-08,0.07125925925925927
1818-02-10,0.0595959595959596
1818-02-11,-0.024999999999999998
1818-02-12,0.014166666666666666
1818-02-13,0.08372395833333333
1818-02-15,0.08124999999999999
1818-02-20,0.057741477272727264
1818-02-22,0.0
1818-02-23,0.037500000000000006
1818-02-24,-0.049999999999999996
1818-02-25,-0.014322916666666668
1818-02-26,0.01805555555555556
1818-02-27,-0.018496283590623216
1818-02-28,0.08662025012025013
1818-07-01,0.05833333333333333
1818-07-02,0.09375
1818-07-03,-0.01818181818181818
1818-07-04,-0.02760416666666666
1818-07-05,0.25
1818-07-06,0.13634920634920636
1818-07-07,0.01041666666666667
1818-07-08,-0.06308855753300198
1818-07-09,-0.004545454545454557
1818-07-10,0.06006944444444443
1818-07-11,0.12555916305916304
1818-07-12,0.06071428571428572
1818-07-13,0.0284095655806182
1818-07-14,0.154375
1818-07-15,0.0630050505050505
1818-07-16,0.07020824854158188
1818-07-17,0.022916666666666675
1818-07-18,0.045269423558897244
1818-07-19,0.05694444444444444
1818-07-20,0.18127319109461965
1818-07-21,-0.03518518518518518
1818-07-22,0.1032936507936508
1818-07-23,-0.03214285714285715
1818-07-24,0.06472222222222222
1818-07-25,0.002296747967479679
1818-07-27,0.0956891495601173
1818-07-28,0.12295574795574796
1818-07-29,0.08
1818-07-30,0.16999999999999998
1818-07-31,-0.06285714285714285
1818-07,-0.041666666666666664
1818-01-03,0.02092731829573935
1818-01-04,-0.006249999999999992
1818-01-05,0.049483312386538185
1818-01-06,0.09777777777777778
1818-01-07,0.125
1818-01-08,0.04259259259259259
1818-01-09,0.1586866754277469
1818-01-10,0.09714876033057851
1818-01-11,0.22261904761904763
1818-01-12,0.020606060606060603
1818-01-13,0.0460930735930736
1818-01-14,0.06900501459324988
1818-01-15,0.35714285714285715
1818-01-16,-0.08333333333333333
1818-01-19,0.17827380952380953
1818-01-20,0.08117760617760618
1818-01-21,0.0196078431372549
1818-01-22,0.09565217391304348
1818-01-23,0.08673469387755102
1818-01-24,0.23125
1818-01-25,0.11944444444444446
1818-01-27,0.1788003663003663
1818-01-28,0.019472789115646285
1818-01-29,0.05166666666666668
1818-01-30,-0.1
1818-01-31,0.1380519480519481
1818-04-01,0.07149122807017544
1818-04-02,-0.09523809523809523
1818-04-03,0.010249433106575953
1818-04-04,0.09957228217791599
1818-04-05,0.00035714285714285877
1818-04-06,0.11875
1818-04-07,0.010472370766488423
1818-04-08,0.17376190476190476
1818-04-09,0.032369337979094095
1818-04-10,0.07748724489795919
1818-04-11,0.043671679197994986
1818-04-13,0.09690476190476191
1818-04-14,0.07003246753246756
1818-04-15,-0.02678571428571428
1818-04-16,0.04880050505050505
1818-04-17,0.14509803921568626
1818-04-18,0.07857142857142858
1818-04-19,-0.145
1818-04-20,0.06296296296296296
1818-04-21,-0.02142857142857143
1818-04-22,0.00925925925925926
1818-04-23,0.03302139037433155
1818-04-24,-0.09687499999999999
1818-04-25,0.03794077134986226
1818-04-26,-0.07777777777777777
1818-04-27,0.11383040935672516
1818-04-28,0.05744810744810745
1818-04-29,0.012103174603174604
1818-04-30,0.14706666666666668
1818-04,0.08754385964912278
1818-11-01,0.05045833333333333
1818-11-02,0.10785308441558442
1818-11-03,0.06926149247577822
1818-11-04,0.0384755478896104
1818-11-05,0.05303030303030303
1818-11-06,0.016416040100250634
1818-11-07,0.03401779313876089
1818-11-08,0.09326923076923076
1818-11-09,0.04318917748917749
1818-11-10,0.09456818181818179
1818-11-11,0.01672591991341991
1818-11-12,0.15803571428571428
1818-11-13,0.07708333333333334
1818-11-14,0.04041666666666666
1818-11-16,0.1384710743801653
1818-11-17,0.16967741935483874
1818-11-18,0.1000595238095238
1818-11-19,0.08055194805194804
1818-11-20,0.11980432900432902
1818-11-24,0.07754766810570378
1818-11-25,0.10226190476190478
1818-11-27,0.03679365079365079
1818-11-28,0.020604395604395608
1818-11-29,-0.006168831168831167
1818-11-30,0.0857114624505929
1820-12-01,-0.00025409373235460805
1820-12-02,0.12764964920137334
1820-12-03,0.033226381461675586
1820-12-05,0.08591269841269843
1820-12-06,-0.0375
1820-12-07,0.18018648018648017
1820-12-08,0.11238419913419914
1820-12-10,0.05375
1820-12-11,-0.015384615384615398
1820-12-13,0.05744332421963999
1820-12-14,0.02644230769230769
1820-12-15,0.07096565656565657
1820-12-16,0.12504995004995004
1820-12-17,0.19035714285714286
1820-12-18,0.0861111111111111
1820-12-19,0.047374608150470225
1820-12-20,0.08526515151515153
1820-12-21,-0.004417989417989414
1820-12-22,0.16366883116883116
1820-12-23,0.13863356881214026
1820-12-24,0.036363636363636355
1820-12-25,0.24569892473118282
1820-12-26,0.14945326278659607
1820-12-27,0.019695304695304703
1820-12-29,0.06309974747474748
1820-12-30,0.10702233372687919
1820-12-31,0.10227272727272728
1820-12,0.06951219512195124
1820-06-01,-0.03341382575757575
1820-06-02,0.16494416958702665
1820-06-03,0.05104166666666667
1820-06-04,0.07840677179962895
1820-06-05,0.049079685746352415
1820-06-06,0.072955747955748
1820-06-07,0.04301075268817204
1820-06-08,0.12807017543859645
1820-06-09,0.07324380165289256
1820-06-10,0.1861183261183261
1820-06-11,0.12549603174603177
1820-06-12,-0.07037037037037039
1820-06-13,0.06111111111111111
1820-06-14,-0.004012345679012349
1820-06-15,-0.010935889507318077
1820-06-16,0.1533216783216783
1820-06-18,0.1204481792717087
1820-06-19,-0.05138888888888889
1820-06-20,0.07948717948717951
1820-06-21,0.16021703521703523
1820-06-22,0.03432539682539683
1820-06-23,0.006635551948051945
1820-06-24,0.02598039215686275
1820-06-25,0.1443452380952381
1820-06-26,0.05815476190476192
1820-06-27,0.01778273809523808
1820-06-28,0.1435034013605442
1820-06-29,0.023947368421052634
1820-06-30,0.16691263282172375
1820-05-01,0.1077208902208902
1820-05-02,0.07572701407607066
1820-05-03,0.08969696969696969
1820-05-04,0.12381966991341993
1820-05-05,0.11250032795487336
1820-05-06,0.04547709235209237
1820-05-07,0.08841354723707666
1820-05-08,0.15144230769230768
1820-05-09,0.04044117647058824
1820-05-10,0.12328767123287669
1820-05-11,0.06570238095238096
1820-05-12,-0.03809215341824037
1820-05-13,0.06203691045796309
1820-05-14,0.10956857350299971
1820-05-15,0.007203282828282829
1820-05-16,-0.005357142857142856
1820-05-17,0.08037437481612239
1820-05-18,0.07028138528138529
1820-05-19,0.09547336721249765
1820-05-20,0.08713164108618657
1820-05-21,-0.07986111111111112
1820-05-22,0.041791856977042165
1820-05-23,0.01916666666666667
1820-05-24,0.0746685606060606
1820-05-25,0.11385648942252717
1820-05-26,0.25
1820-05-27,0.1825
1820-05-28,0.11224025974025972
1820-05-29,0.06487179487179487
1820-05-30,0.11285511363636364
1820-05-31,0.10458333333333332
1820-05,0.11797619047619051
1820-02-01,0.06464285714285714
1820-02-02,0.14755568356374807
1820-02-03,-0.01346153846153846
1820-02-04,0.11972789115646258
1820-02-05,0.023333333333333338
1820-02-06,0.12296296296296298
1820-02-09,0.11869918699186993
1820-02-10,0.1356359952104633
1820-02-11,0.126322601010101
1820-02-12,0.04914416705193403
1820-02-13,0.1388560606060606
1820-02-15,0.012500000000000002
1820-02-16,0.06777584204413475
1820-02-17,0.19424242424242422
1820-02-18,-0.06959090909090908
1820-02-19,-0.03959627329192546
1820-02-20,0.045032900432900445
1820-02-21,0.04020146520146521
1820-02-23,0.12499999999999999
1820-02-24,0.09307795698924731
1820-02-25,0.162
1820-02-26,-0.05407268170426066
1820-02-27,0.06922348484848485
1820-02-28,0.16111471861471863
1820-02-29,0.08928571428571429
1820-03-01,0.010000000000000004
1820-03-02,-0.014423076923076924
1820-03-03,0.053797685392512985
1820-03-04,0.07716666666666666
1820-03-05,0.13429487179487176
1820-03-06,0.0457070707070707
1820-03-07,0.13300865800865802
1820-03-08,0.04
1820-03-10,0.11844582185491274
1820-03-11,0.17611518915866742
1820-03-12,0.1467105263157895
1820-03-13,0.15505357142857143
1820-03-14,-5.710601455282647e-05
1820-03-15,0.08347826086956521
1820-03-18,0.042935839880284335
1820-03-19,0.2728260869565216
1820-03-20,-0.06296296296296296
1820-03-21,0.08773739701159056
1820-03-22,0.13350297619047619
1820-03-23,-0.034772727272727275
1820-03-24,0.049092970521541955
1820-03-25,0.08820772661681753
1820-03-26,0.19061403508771932
1820-03-27,0.0806624922696351
1820-03-28,0.12216537966537966
1820-03-29,0.09481677679046098
1820-03-30,0.17783155212842716
1820-03-31,0.0897491003509522
1820-11-01,0.017645202020202012
1820-11-02,0.03125
1820-11-03,0.06919540229885056
1820-11-04,0.20833333333333334
1820-11-05,0.11354166666666667
1820-11-06,0.12455357142857144
1820-11-07,0.13227137445887446
1820-11-08,0.12104272539055148
1820-11-09,0.08333333333333333
1820-11-10,-0.006249999999999998
1820-11-12,0.09710073710073709
1820-11-13,0.09038461538461538
1820-11-14,0.07023809523809522
1820-11-16,-0.014772727272727272
1820-11-17,0.06287363430220573
1820-11-18,0.055793650793650805
1820-11-20,0.09536501377410471
1820-11-21,0.09162457912457912
1820-11-22,0.2552631578947368
1820-11-23,0.036218386876281615
1820-11-24,0.13452922077922075
1820-11-25,0.0730429292929293
1820-11-27,0.13934506353861195
1820-11-28,0.13486111111111113
1820-11-29,0.04229474548440065
1820-11-30,-0.0509920634920635
1820-08-01,-0.06499999999999999
1820-08-02,0.0515625
1820-08-03,0.06666666666666667
1820-08-04,-0.025
1820-08-05,0.2247058823529412
1820-08-06,-0.050520833333333355
1820-08-08,-0.018235930735930734
1820-08-09,-0.25
1820-08-10,0.1106766421983813
1820-08-11,0.007206682206682205
1820-08-12,-0.02083333333333333
1820-08-13,0.1986542443064182
1820-08-14,-0.013644688644688643
1820-08-19,0.05747322852586012
1820-08-20,0.05211538461538462
1820-08-21,0.12347614071752003
1820-08-23,-0.02139880952380952
1820-08-24,-0.021428571428571432
1820-08-27,0.125
1820-08-28,0.03131313131313132
1820-08-29,0.057291666666666664
1820-10-01,0.1018939393939394
1820-10-02,0.16979674796747968
1820-10-03,0.028214285714285726
1820-10-04,-0.03125000000000001
1820-10-05,0.146417297979798
1820-10-06,0.08888888888888888
1820-10-07,0.15
1820-10-08,0.06885964912280702
1820-10-09,0.01614583333333333
1820-10-10,-0.02795454545454546
1820-10-11,-0.04703703703703704
1820-10-12,0.04387254901960782
1820-10-13,0.1175662878787879
1820-10-14,0.04583333333333334
1820-10-15,0.05720588235294117
1820-10-16,0.11617003367003366
1820-10-17,0.09938492063492063
1820-10-18,0.17445286195286192
1820-10-19,0.03652597402597403
1820-10-20,0.10748299319727887
1820-10-22,-0.08263888888888889
1820-10-23,0.05789141414141414
1820-10-24,-0.05874999999999999
1820-10-25,-0.1490740740740741
1820-10-26,0.1266650132275132
1820-10-28,0.15000000000000002
1820-10-29,0.0638888888888889
1820-01-01,0.07798185941043084
1820-01-02,0.11702380952380953
1820-01-03,0.08420068027210888
1820-01-04,-0.03173076923076923
1820-01-05,-0.1375
1820-01-06,0.08333333333333333
1820-01-07,-0.18166666666666664
1820-01-08,0.10298851424627821
1820-01-09,0.025000000000000005
1820-01-10,-0.03778998778998778
1820-01-11,-0.019999999999999997
1820-01-13,0.15000000000000002
1820-01-14,0.1674498746867168
1820-01-15,0.03377352719744025
1820-01-16,0.17880291005291007
1820-01-17,0.1714285714285714
1820-01-18,0.032573753407086736
1820-01-19,0.03464912280701754
1820-01-21,0.009209956709956713
1820-01-22,0.11705060812203669
1820-01-23,-0.12159090909090908
1820-01-24,0.06863095238095239
1820-01-25,0.0949810606060606
1820-01-26,0.18457142857142855
1820-01-27,0.13266178266178266
1820-01-28,0.044444444444444446
1820-01-30,0.05304112554112554
1820-01-31,-0.060714285714285714
1820-04-01,-0.021343537414965977
1820-04-02,0.1264270613107822
1820-04-04,0.06370748299319727
1820-04-05,0.008730158730158737
1820-04-06,-0.005853994490358127
1820-04-07,0.0912962962962963
1820-04-08,0.13177695320552463
1820-04-09,0.08724573780129335
1820-04-10,-0.014540816326530606
1820-04-11,0.036211484593837544
1820-04-12,0.030419580419580424
1820-04-13,0.15338858509911138
1820-04-14,-0.017819756001574184
1820-04-15,0.06789434523809525
1820-04-17,0.06217532467532466
1820-04-18,-0.08333333333333333
1820-04-19,0.04883512544802867
1820-04-20,0.06973484848484848
1820-04-21,-0.012499999999999997
1820-04-24,0.23125000000000004
1820-04-25,0.17410714285714285
1820-04-26,0.08268942797244687
1820-04-27,0.10082205029013541
1820-04-28,-0.041666666666666664
1820-04-29,0.04751405311106803
1820-04-30,0.15416666666666667
1820-09-01,0.1580357142857143
1820-09-03,-0.07196969696969696
1820-09-05,0.04909611992945326
1820-09-07,0.1518181818181818
1820-09-08,0.10444444444444445
1820-09-09,0.0035714285714285665
1820-09-10,0.06635802469135801
1820-09-14,0.1255787037037037
1820-09-15,0.07222222222222223
1820-09-17,0.1036231884057971
1820-09-18,0.10638888888888891
1820-09-19,0.11463869047619046
1820-09-20,0.10478795895462563
1820-09-21,0.11677115987460816
1820-09-23,0.02459750566893424
1820-09-24,-0.024288806431663576
1820-09-25,0.09758928571428571
1820-09-26,0.0981060606060606
1820-09-28,0.07445454545454545
1820-09-29,0.1700757575757576
1820-09-30,0.21458333333333332
1820-07-01,0.012272727272727274
1820-07-02,0.12198577388794783
1820-07-04,-0.050520833333333334
1820-07-05,0.047909831396673506
1820-07-06,0.12222222222222223
1820-07-07,0.10201388888888892
1820-07-08,0.16613095238095243
1820-07-09,0.04802996482683982
1820-07-10,0.2088541666666667
1820-07-11,0.19768518518518516
1820-07-12,0.14830917874396138
1820-07-13,-0.014285714285714287
1820-07-14,0.0837448559670782
1820-07-15,0.04901960784313726
1820-07-16,0.14039775910364147
1820-07-17,0.0875
1820-07-18,0.0983766233766234
1820-07-19,0.09734848484848485
1820-07-20,-0.023295454545454543
1820-07-21,0.09090909090909091
1820-07-22,0.020856524427952997
1820-07-23,0.13913770053475938
1820-07-24,-0.02619047619047619
1820-07-26,0.03854166666666668
1820-07-27,0.03207070707070706
1820-07-28,0.21833333333333332
1820-07-29,-0.030921052631578943
1820-07-30,0.08396103896103899
1820-07-31,-0.0125
1820-07,-0.004999999999999991
